age,sex,cp,trestbps,chol,fbs,restecg,thalach,exang,oldpeak,slope,ca,thal,target
-1.2327950531758498,-0.6546536707079771,-1.118033988749895,-0.7425568796269418,-1.5179169117988942,-1.5275252316519468,0.10599978800063596,0.7251779067591742,-1.5275252316519463,-0.33557632603058496,1.2909944487358056,-0.9045340337332908,-0.41522739926869984,0
-1.9172841667297127,-0.6546536707079771,-1.118033988749895,0.1310106433364658,-1.1837012962314164,0.6546536707079773,1.165997668006996,-1.3675187831819131,0.6546536707079772,-1.3793147054790798,-1.2909944487358056,-0.9045340337332908,0.41522739926869984,1
