{"f1_score": 0.8688524590163934, "acc_score": 0.8688524590163934}