{"f1_score": 0.7569484870275884, "acc_score": 0.756578947368421}